Ludovic Blas;J;RARE;limited
Andrei Girotto;J;COMMUNE;;
Pedro Chirivella;J;PEU RARE;
Nicolas Pallois;J;COMMUNE;
Moses Simon;J;COMMUNE;
Randal Kolo Muani;J;COMMUNE;
Roli Pereira De Sa;J;PEU RARE;
Jean-Charles Castelletto;J;PEU RARE;
Fábio;J;RARE;;
Alban Lafont;G;RARE;
Dennis Appiah;J;RARE;
Sébastien Corchia;J;COMMUNE;
Kalifa Coulibaly;J;COMMUNE;
Samuel Moutoussamy;J;COMMUNE;
Ludovic Blas;J;RARE;limited
Andrei Girotto;J;COMMUNE;;
Pedro Chirivella;J;PEU RARE;
Nicolas Pallois;J;COMMUNE;
Moses Simon;J;COMMUNE;
Randal Kolo Muani;J;COMMUNE;
Roli Pereira De Sa;J;PEU RARE;
Jean-Charles Castelletto;J;PEU RARE;
Fábio;J;RARE;;
Alban Lafont;G;RARE;
Dennis Appiah;J;RARE;
Sébastien Corchia;J;COMMUNE;
Kalifa Coulibaly;J;COMMUNE;
Samuel Moutoussamy;J;COMMUNE;